-9.049329161643981934e-01,-5.042014718055725098e-01
-8.531048893928527832e-01,3.542254567146301270e-01
-3.883895576000213623e-01,9.002895355224609375e-01
9.416386485099792480e-01,1.260565370321273804e-01
8.736594319343566895e-01,-4.554684758186340332e-01
7.387213110923767090e-01,-7.015573382377624512e-01
9.018797874450683594e-01,-1.597649604082107544e-01
8.928937315940856934e-01,-2.873407304286956787e-01
5.053439140319824219e-01,-9.707373380661010742e-01
-2.733847796916961670e-01,9.826735854148864746e-01
-4.611315131187438965e-01,-9.016040563583374023e-01
9.258363842964172363e-01,-1.414598822593688965e-01
-9.781575798988342285e-01,1.713689863681793213e-01
8.842778801918029785e-01,-3.327581882476806641e-01
3.901027143001556396e-01,-8.508301377296447754e-01
-5.826216936111450195e-01,-8.363346457481384277e-01
8.925355672836303711e-01,-1.869678795337677002e-01
8.739536404609680176e-01,-1.330832839012145996e-01
-5.791189074516296387e-01,-8.489574193954467773e-01
-9.526810050010681152e-01,3.769928812980651855e-01
-3.325079679489135742e-01,-9.778987169265747070e-01
8.245037198066711426e-01,-4.606401026248931885e-01
-3.270070850849151611e-01,-9.713919162750244141e-01
-6.895185112953186035e-01,-7.630558013916015625e-01
1.839133948087692261e-01,-9.220432639122009277e-01
-1.030858039855957031e+00,5.384877789765596390e-03
-1.009814858436584473e+00,-1.077001765370368958e-01
-9.236164689064025879e-01,-4.154763817787170410e-01
-1.019769072532653809e+00,2.498761285096406937e-03
-7.388000190258026123e-02,-9.867513179779052734e-01
-6.349990963935852051e-01,5.694378614425659180e-01
-9.742028117179870605e-01,3.579536080360412598e-01
8.958551883697509766e-01,-1.850576400756835938e-01
-9.694764614105224609e-01,-3.335554301738739014e-01
-9.709149599075317383e-01,2.094912678003311157e-01
-9.995143413543701172e-01,8.935153484344482422e-03
9.042145609855651855e-01,-2.938852012157440186e-01
-1.908313184976577759e-01,1.048323273658752441e+00
-1.057210564613342285e+00,-1.103243678808212280e-01
-6.800364255905151367e-01,5.634641647338867188e-01
1.940896734595298767e-03,-9.850967526435852051e-01
8.946027159690856934e-01,-3.807012438774108887e-01
-5.226649045944213867e-01,7.976707220077514648e-01
8.030258417129516602e-01,2.919347286224365234e-01
7.603000998497009277e-01,-7.509245872497558594e-01
-6.215478181838989258e-01,7.438833117485046387e-01
9.263602495193481445e-01,-5.321641266345977783e-02
-8.675072193145751953e-01,5.296285748481750488e-01
1.827839314937591553e-01,-9.543085098266601562e-01
5.073157548904418945e-01,-9.556593894958496094e-01
7.169571518898010254e-01,-7.278607487678527832e-01
8.533428907394409180e-01,-5.658566355705261230e-01
-9.775825142860412598e-01,1.823479086160659790e-01
-9.812940955162048340e-01,-3.038150668144226074e-01
-9.829308390617370605e-01,1.631679534912109375e-01
7.332694530487060547e-01,-7.411117553710937500e-01
-4.649543762207031250e-01,-9.201573729515075684e-01
-9.792311787605285645e-01,-2.790546715259552002e-01
-1.010809659957885742e+00,-1.092581450939178467e-02
8.987722396850585938e-01,-2.279854565858840942e-01
-8.171520829200744629e-01,5.925515890121459961e-01
-4.278522133827209473e-01,8.745096921920776367e-01
-5.378596186637878418e-01,5.939816236495971680e-01
-7.551189064979553223e-01,-7.164650559425354004e-01
-6.792075186967849731e-02,-9.921922683715820312e-01
5.290733575820922852e-01,-8.177256584167480469e-01
7.561091780662536621e-01,-6.549853086471557617e-01
-4.612855315208435059e-01,-9.063364267349243164e-01
3.949976563453674316e-01,-8.467615842819213867e-01
2.969912290573120117e-01,-9.652034044265747070e-01
-9.815221428871154785e-01,-2.894490957260131836e-01
-1.001561403274536133e+00,1.235571950674057007e-01
-1.020897626876831055e+00,1.572827994823455811e-02
-9.681726098060607910e-01,3.320031762123107910e-01
-1.127239763736724854e-01,-9.783880710601806641e-01
-8.619949221611022949e-01,5.360167622566223145e-01
-1.545722335577011108e-01,-9.882684946060180664e-01
-6.887617111206054688e-01,6.479807496070861816e-01
8.824914097785949707e-01,-3.369354605674743652e-01
-4.402677416801452637e-01,-9.376628398895263672e-01
8.901842236518859863e-01,-2.599271535873413086e-01
-2.118005007505416870e-01,-9.900234937667846680e-01
-1.011222124099731445e+00,-1.821547597646713257e-01
-9.954748749732971191e-01,1.222373098134994507e-01
-9.742098450660705566e-01,2.494806200265884399e-01
-9.972249269485473633e-01,2.612850069999694824e-01
-1.005315303802490234e+00,-7.537954300642013550e-02
4.908211827278137207e-01,-8.749090433120727539e-01
-8.264015316963195801e-01,5.845931172370910645e-01
-9.095918536186218262e-01,-4.095609486103057861e-01
9.527037739753723145e-01,1.185357719659805298e-01
-9.623216986656188965e-01,-2.921360433101654053e-01
4.319791495800018311e-01,7.539346814155578613e-01
-9.279398918151855469e-01,3.934640586376190186e-01
-1.925345808267593384e-01,-1.004277586936950684e+00
9.110055565834045410e-01,6.534425914287567139e-02
-1.011175990104675293e+00,1.099128276109695435e-02
-1.254873275756835938e-01,-1.013917207717895508e+00
1.183174327015876770e-01,-1.032658219337463379e+00
5.758479237556457520e-01,-7.465838789939880371e-01
-5.037839412689208984e-01,8.017196059226989746e-01
-5.713514089584350586e-01,7.130956649780273438e-01
-9.147475361824035645e-01,4.654874801635742188e-01
8.051826953887939453e-01,-6.094082593917846680e-01
8.049052357673645020e-01,-6.004506349563598633e-01
9.089024662971496582e-01,-1.711780577898025513e-01
-9.973381161689758301e-01,-1.350542157888412476e-01
3.151829540729522705e-01,-9.096227884292602539e-01
3.071906268596649170e-01,-8.980095982551574707e-01
-9.098002314567565918e-01,4.517552256584167480e-01
-1.025094628334045410e+00,-1.054690182209014893e-01
9.270833134651184082e-01,-1.611638367176055908e-01
8.758332133293151855e-01,-2.013016790151596069e-01
8.094254732131958008e-01,-5.855522155761718750e-01
-5.587604045867919922e-01,7.592550516128540039e-01
-4.072517156600952148e-01,-9.527969956398010254e-01
9.036586880683898926e-01,-2.554271221160888672e-01
-9.661993384361267090e-01,-2.910141050815582275e-01
-4.261757731437683105e-01,-9.540175795555114746e-01
7.525478601455688477e-01,-6.853812932968139648e-01
-5.286092758178710938e-01,7.594451904296875000e-01
8.638109564781188965e-01,-4.069850444793701172e-01
8.326978683471679688e-01,-4.601708650588989258e-01
-8.319570422172546387e-01,5.628100037574768066e-01
7.016385197639465332e-01,-7.145286798477172852e-01
-8.203935027122497559e-01,5.875429511070251465e-01
-2.614487409591674805e-01,-9.815130233764648438e-01
7.580934762954711914e-01,-4.465461373329162598e-01
-9.570475220680236816e-01,3.501498699188232422e-01
-1.022810220718383789e+00,-8.507768064737319946e-02
-2.523808479309082031e-01,-9.537439346313476562e-01
6.627879738807678223e-01,-7.217745184898376465e-01
-1.006349802017211914e+00,3.807532042264938354e-02
-9.553924202919006348e-01,3.896291553974151611e-01
9.177942872047424316e-01,-1.814632564783096313e-01
8.603020906448364258e-01,-5.335085391998291016e-01
-1.009089589118957520e+00,2.414850145578384399e-01
9.063240885734558105e-01,-2.955318093299865723e-01
7.989345192909240723e-01,-5.613756775856018066e-01
-3.260229825973510742e-01,-9.500668048858642578e-01
-7.658596634864807129e-01,2.575378119945526123e-01
-8.761985898017883301e-01,4.947535395622253418e-01
-9.205639362335205078e-01,4.504471719264984131e-01
7.952325344085693359e-01,-5.537666678428649902e-01
2.924625277519226074e-01,-9.674822092056274414e-01
-9.247890710830688477e-01,4.496645927429199219e-01
-3.739520013332366943e-01,9.043943881988525391e-01
8.782053589820861816e-01,-3.077171146869659424e-01
-1.011946678161621094e+00,3.655255306512117386e-03
-9.993137121200561523e-01,8.359566330909729004e-02
5.502581000328063965e-01,-8.590213060379028320e-01
-8.404925465583801270e-01,5.687775015830993652e-01
9.400565028190612793e-01,-6.291167438030242920e-02
-9.190305471420288086e-01,3.946422934532165527e-01
-2.403214275836944580e-01,-9.911394119262695312e-01
6.777750328183174133e-03,-9.856011271476745605e-01
2.399575263261795044e-01,-9.006811380386352539e-01
-9.501848816871643066e-01,-3.901866376399993896e-01
-6.607196331024169922e-01,7.179450392723083496e-01
-1.001148343086242676e+00,5.173292383551597595e-02
-4.110897779464721680e-01,8.660752773284912109e-01
-9.088235497474670410e-01,4.609507918357849121e-01
8.791856169700622559e-01,-4.689178466796875000e-01
-5.402141064405441284e-02,-9.483898282051086426e-01
8.920112252235412598e-01,-1.914624124765396118e-01
7.123299837112426758e-01,-6.889218091964721680e-01
-1.429746896028518677e-01,-9.939982891082763672e-01
-5.580734014511108398e-01,7.956848144531250000e-01
-5.263310670852661133e-01,-8.593150377273559570e-01
8.500704765319824219e-01,-4.601636528968811035e-01
8.600419759750366211e-02,-9.611945748329162598e-01
-6.002290248870849609e-01,6.776520609855651855e-01
7.807909846305847168e-01,-6.157101392745971680e-01
-1.280435919761657715e-01,-1.004348158836364746e+00
4.232411682605743408e-01,-8.645194768905639648e-01
8.977839723229408264e-03,-9.907512664794921875e-01
-8.675222992897033691e-01,5.301520228385925293e-01
-9.836468100547790527e-01,2.128519862890243530e-01
-4.774439930915832520e-01,6.734000444412231445e-01
-2.315546423196792603e-01,-9.842503070831298828e-01
8.976461887359619141e-01,-3.268185555934906006e-01
-3.093102872371673584e-01,8.754832744598388672e-01
-8.058204650878906250e-01,5.997288823127746582e-01
8.853549361228942871e-01,-3.866437971591949463e-01
-1.021350741386413574e+00,-1.062410622835159302e-01
8.438009023666381836e-01,-4.505717456340789795e-01
-1.036680579185485840e+00,1.750259846448898315e-02
-8.508509993553161621e-01,5.560115575790405273e-01
8.593152165412902832e-01,-5.312212705612182617e-01
4.926337599754333496e-01,-8.335165977478027344e-01
9.095326662063598633e-01,-1.238760650157928467e-01
1.614162474870681763e-01,-9.582992792129516602e-01
-5.917591452598571777e-01,7.778329253196716309e-01
8.950623869895935059e-01,-3.167844414710998535e-01
9.145647883415222168e-01,-2.407345920801162720e-01
-9.270001053810119629e-01,-4.170382320880889893e-01
-8.654678463935852051e-01,5.337823033332824707e-01
-7.154693007469177246e-01,-7.149394750595092773e-01
-6.321312785148620605e-01,5.134308934211730957e-01
9.069983363151550293e-01,-2.430985718965530396e-01
1.698394566774368286e-01,-9.593407511711120605e-01
8.583777546882629395e-01,-4.806790947914123535e-01
8.808702230453491211e-02,5.997923016548156738e-01
-8.653026223182678223e-01,-5.300926566123962402e-01
-1.008739948272705078e+00,1.157362461090087891e-01
-4.942800998687744141e-01,7.558621168136596680e-01
-9.976428747177124023e-01,1.303699910640716553e-01
8.844581842422485352e-01,5.146813988685607910e-01
-1.412220001220703125e-01,-1.031455755233764648e+00
-1.355379521846771240e-01,-9.935261607170104980e-01
9.448778033256530762e-01,-2.274869382381439209e-02
-8.789412975311279297e-01,4.887863099575042725e-01
-1.016370415687561035e+00,-9.843731671571731567e-02
-9.877957701683044434e-01,9.751024842262268066e-02
-9.807180762290954590e-01,-3.033893704414367676e-01
-9.397196769714355469e-01,3.773739933967590332e-01
1.346377842128276825e-02,-9.578130245208740234e-01
8.740649819374084473e-01,-4.382383227348327637e-01
9.059022068977355957e-01,-3.068830966949462891e-01
-9.086421132087707520e-01,4.599802196025848389e-01
-6.920490413904190063e-04,-9.831348657608032227e-01
9.153258204460144043e-01,-2.397079318761825562e-01
9.050266742706298828e-01,2.042467296123504639e-01
-8.966227173805236816e-01,4.914207756519317627e-01
9.239074587821960449e-01,-1.235996186733245850e-01
-1.013504624366760254e+00,-1.044263392686843872e-01
9.278708696365356445e-01,-1.360337436199188232e-01
6.455274224281311035e-01,4.326867461204528809e-01
-2.870486974716186523e-01,9.706168174743652344e-01
-4.809526205062866211e-01,8.266645073890686035e-01
5.385901778936386108e-02,1.066381335258483887e+00
-7.497540861368179321e-02,-9.606202840805053711e-01
9.502425789833068848e-01,2.641991246491670609e-03
8.592556715011596680e-01,5.225556492805480957e-01
5.532216429710388184e-01,-8.137413859367370605e-01
-5.684247016906738281e-01,7.416666746139526367e-01
8.667352795600891113e-01,-5.197248458862304688e-01
-7.244459986686706543e-01,-7.380068302154541016e-01
-6.945057511329650879e-01,-7.358323931694030762e-01
-7.294207215309143066e-01,6.717820763587951660e-01
-3.768720030784606934e-01,8.008425235748291016e-01
9.448801279067993164e-01,-2.198813855648040771e-02
8.888248801231384277e-01,-4.171878099441528320e-01
-1.451257020235061646e-01,-9.867440462112426758e-01
-3.729813396930694580e-01,-9.361736774444580078e-01
-1.009721994400024414e+00,2.212097495794296265e-02
-9.338225722312927246e-01,3.399501442909240723e-01
-3.682882785797119141e-01,8.993129730224609375e-01
9.087117314338684082e-01,-2.449712008237838745e-01
7.838124632835388184e-01,-6.581525802612304688e-01
-5.538520216941833496e-01,7.235767841339111328e-01
8.788995742797851562e-01,-4.123705625534057617e-01
6.676326990127563477e-01,-8.075087070465087891e-01
-6.838784813880920410e-01,7.023786306381225586e-01
-1.007271051406860352e+00,-1.424036771059036255e-01
-1.019029259681701660e+00,-1.036234945058822632e-01
-9.803159832954406738e-01,-1.996592432260513306e-01
-5.011401176452636719e-01,-8.859503269195556641e-01
1.332912296056747437e-01,-9.785765409469604492e-01
-9.918037056922912598e-01,2.555417418479919434e-01
6.229687333106994629e-01,-7.889237999916076660e-01
-6.041346192359924316e-01,-8.230623602867126465e-01
-7.113537192344665527e-01,-7.437978386878967285e-01
7.630162835121154785e-01,-7.506285905838012695e-01
-9.987710118293762207e-01,1.735201179981231689e-01
6.699041128158569336e-01,-7.512242794036865234e-01
-9.429895281791687012e-01,-3.505391478538513184e-01
-5.618665218353271484e-01,7.184727191925048828e-01
-1.723620295524597168e-01,-9.573603868484497070e-01
-6.691839098930358887e-01,-7.748251557350158691e-01
-6.008052080869674683e-02,-1.021902918815612793e+00
8.765513300895690918e-01,-4.045467674732208252e-01
-1.004787564277648926e+00,1.086576804518699646e-01
9.444162249565124512e-01,-3.370390832424163818e-02
8.911255002021789551e-01,-1.159567981958389282e-01
4.645486921072006226e-02,-9.738016724586486816e-01
-5.014551281929016113e-01,8.298256397247314453e-01
5.303161144256591797e-01,-8.327578306198120117e-01
-3.556081652641296387e-01,8.992152214050292969e-01
-1.007064938545227051e+00,3.720723558217287064e-03
-9.267653822898864746e-01,-3.801389634609222412e-01
-1.702329665422439575e-01,-1.009633064270019531e+00
5.021650791168212891e-01,-8.732260465621948242e-01
-8.486506342887878418e-01,5.544407963752746582e-01
-8.869356513023376465e-01,5.070186257362365723e-01
-1.986539810895919800e-01,-1.027645349502563477e+00
-4.093995988368988037e-01,8.581362366676330566e-01
8.670631051063537598e-01,-3.017346262931823730e-01
-2.467827051877975464e-01,-1.031286239624023438e+00
-5.040614008903503418e-01,7.363890409469604492e-01
-1.002862811088562012e+00,5.269024521112442017e-02
8.762880563735961914e-01,-2.752548158168792725e-01
-9.911615848541259766e-01,2.565957009792327881e-01
3.121871054172515869e-01,-9.156673550605773926e-01
8.855652213096618652e-01,-3.013170063495635986e-01
-2.328996956348419189e-01,-1.005980491638183594e+00
5.066668391227722168e-01,2.404943853616714478e-01
-3.811511695384979248e-01,-9.513901472091674805e-01
-6.772032380104064941e-01,5.870784521102905273e-01
-5.248805880546569824e-01,-8.952261805534362793e-01
-9.031350016593933105e-01,4.575470685958862305e-01
-5.518844723701477051e-01,-8.550930023193359375e-01
9.190444350242614746e-01,-1.533682197332382202e-01
-1.015268087387084961e+00,5.902061611413955688e-02
9.022834300994873047e-01,-3.310623168945312500e-01
8.729510903358459473e-01,-4.152501523494720459e-01
-8.796176910400390625e-01,5.167846679687500000e-01
-3.827121257781982422e-01,-9.883750081062316895e-01
5.632160305976867676e-01,-8.565046787261962891e-01
-9.560062289237976074e-01,3.565874099731445312e-01
-9.719192385673522949e-01,1.714261472225189209e-01
2.626086175441741943e-01,-9.158282876014709473e-01
6.018550992012023926e-01,-7.396228313446044922e-01
8.589395284652709961e-01,-4.379517436027526855e-01
-9.712769389152526855e-01,1.966792196035385132e-01
-3.574106693267822266e-01,9.164890050888061523e-01
9.207601547241210938e-01,-9.468980133533477783e-02
-8.314915895462036133e-01,5.797160863876342773e-01
-1.016614437103271484e+00,-6.556995213031768799e-02
-1.001934051513671875e+00,2.786921709775924683e-02
-6.755276918411254883e-01,6.983118057250976562e-01
8.421836495399475098e-01,-3.460244834423065186e-01
3.745982050895690918e-01,-9.009358286857604980e-01
-9.936491847038269043e-01,1.938852220773696899e-01
-5.865995287895202637e-01,7.408262491226196289e-01
8.590537905693054199e-01,-5.314009189605712891e-01
8.569792509078979492e-01,-4.702357947826385498e-01
-6.484400629997253418e-01,6.742066144943237305e-01
8.610845208168029785e-01,-4.051387012004852295e-01
-1.515131741762161255e-01,-9.951368570327758789e-01
-4.449233710765838623e-01,6.896294355392456055e-01
-7.411867380142211914e-01,6.546471118927001953e-01
4.405267536640167236e-01,-8.296353816986083984e-01
-3.669916391372680664e-01,-9.666640758514404297e-01
-9.939173460006713867e-01,1.418238729238510132e-01
8.706723153591156006e-02,-9.838464260101318359e-01
-1.016388058662414551e+00,6.991910934448242188e-02
-5.073911547660827637e-01,7.711973786354064941e-01
-7.454422116279602051e-01,6.583290100097656250e-01
9.224388003349304199e-01,-1.154847592115402222e-01
8.030070662498474121e-01,-1.299908757209777832e-02
8.710364699363708496e-01,-4.927358031272888184e-01
-1.105593889951705933e-01,-1.010031700134277344e+00
-9.836503267288208008e-01,-2.959266602993011475e-01
-1.005434393882751465e+00,-1.480317860841751099e-01
-8.248175978660583496e-01,5.849204063415527344e-01
6.056426167488098145e-01,-8.012953996658325195e-01
-1.006848454475402832e+00,1.092233657836914062e-01
-3.010017797350883484e-03,-9.734758138656616211e-01
-9.595282673835754395e-01,3.665227293968200684e-01
-8.290352821350097656e-01,4.511206150054931641e-01
-9.703513979911804199e-01,2.484158724546432495e-01
9.140055775642395020e-01,-2.056153267621994019e-01
3.298470079898834229e-01,-9.288735389709472656e-01
3.364617228507995605e-01,-9.053224921226501465e-01
-9.389304518699645996e-01,3.999434709548950195e-01
8.366861939430236816e-01,-3.304759263992309570e-01
8.656185865402221680e-01,-4.597054123878479004e-01
4.974951595067977905e-02,-1.054334521293640137e+00
9.265019297599792480e-01,-1.646215617656707764e-01
6.834889054298400879e-01,-7.105426192283630371e-01
-1.017570853233337402e+00,1.264529228210449219e-01
-4.370867311954498291e-01,8.518069982528686523e-01
-1.016621589660644531e+00,-1.695331931114196777e-02
8.823673129081726074e-01,-3.988800048828125000e-01
2.038719505071640015e-01,-1.033217191696166992e+00
-8.213592171669006348e-01,5.932362079620361328e-01
-9.934518933296203613e-01,1.254209876060485840e-01
9.152916073799133301e-01,7.590679824352264404e-02
-8.237070441246032715e-01,-5.988788604736328125e-01
6.129705309867858887e-01,-7.085791826248168945e-01
-1.012553930282592773e+00,-4.921941459178924561e-02
-8.766337037086486816e-01,5.126200914382934570e-01
-3.400393128395080566e-01,8.637224435806274414e-01
-9.739808440208435059e-01,2.080944478511810303e-01
-5.833766460418701172e-01,7.822239398956298828e-01
9.022722244262695312e-01,-2.708913385868072510e-01
-1.071240603923797607e-01,-9.810100197792053223e-01
-1.016840338706970215e+00,1.446957737207412720e-01
8.206790089607238770e-01,-5.659355521202087402e-01
8.776987195014953613e-01,-4.031080901622772217e-01
8.636586070060729980e-01,-3.885919153690338135e-01
8.069615364074707031e-01,-6.697026491165161133e-01
-9.905125498771667480e-01,1.006996035575866699e-01
-1.018222212791442871e+00,-9.456850588321685791e-03
5.334699749946594238e-01,-8.854442834854125977e-01
-8.005090355873107910e-01,6.172751784324645996e-01
8.816390037536621094e-01,-3.907073140144348145e-01
-5.954699516296386719e-01,7.628158330917358398e-01
-7.739788293838500977e-01,6.436343789100646973e-01
-1.019090771675109863e+00,-1.333363801240921021e-01
6.535968184471130371e-01,-7.407605051994323730e-01
-9.883711487054824829e-02,5.701889991760253906e-01
-4.136594533920288086e-01,8.898096084594726562e-01
9.105416536331176758e-01,-1.980929225683212280e-01
4.436098337173461914e-01,-8.591815233230590820e-01
2.972224354743957520e-01,-9.792630672454833984e-01
4.956070333719253540e-04,-1.057520151138305664e+00
-1.145250424742698669e-01,-9.670950174331665039e-01
7.040310502052307129e-01,-7.475460767745971680e-01
-9.969556927680969238e-01,8.236324787139892578e-02
-5.443429350852966309e-01,-8.470031023025512695e-01
-8.704507350921630859e-01,-4.937723577022552490e-01
9.138398170471191406e-01,-1.691157221794128418e-01
4.244245290756225586e-01,4.643616974353790283e-01
-1.038784265518188477e+00,-1.385357975959777832e-02
-1.576450765132904053e-01,-9.754860401153564453e-01
3.216626048088073730e-01,-9.256993532180786133e-01
8.960986137390136719e-01,5.264546871185302734e-01
8.883415460586547852e-01,-3.222827315330505371e-01
-5.675815939903259277e-01,7.503632903099060059e-01
8.885031342506408691e-01,1.441984176635742188e-01
-2.400776147842407227e-01,-1.015807032585144043e+00
-1.014271974563598633e+00,1.697300374507904053e-02
9.174205660820007324e-01,-2.086455821990966797e-01
-9.050282835960388184e-01,4.723861813545227051e-01
6.550614535808563232e-02,-1.019605994224548340e+00
7.060900926589965820e-01,-7.626316547393798828e-01
-1.039385572075843811e-01,-1.007582187652587891e+00
-5.781649947166442871e-01,6.900485157966613770e-01
3.044451475143432617e-01,6.132581233978271484e-01
-9.052871465682983398e-01,4.765903353691101074e-01
-9.178628325462341309e-01,4.334778189659118652e-01
-9.550865292549133301e-01,-3.808421492576599121e-01
-9.176085591316223145e-01,4.444594979286193848e-01
-8.658078312873840332e-01,5.314321517944335938e-01
3.099092841148376465e-01,-9.378849864006042480e-01
-2.588694393634796143e-01,6.776735782623291016e-01
-4.948801398277282715e-01,5.639565587043762207e-01
-1.023123502731323242e+00,-7.754334807395935059e-02
-9.080072045326232910e-01,4.517068862915039062e-01
-2.731187045574188232e-01,-1.005211949348449707e+00
-6.052744388580322266e-01,7.392406463623046875e-01
-3.293217420578002930e-01,9.411314129829406738e-01
-3.954511284828186035e-01,8.203313946723937988e-01
-6.186569929122924805e-01,6.331027150154113770e-01
9.202501773834228516e-01,-2.086320221424102783e-01
8.880227804183959961e-01,-4.204213321208953857e-01
4.913465380668640137e-01,-9.029308557510375977e-01
6.772469878196716309e-01,3.017274737358093262e-01
8.452722430229187012e-01,-4.608752131462097168e-01
-7.856175303459167480e-01,6.309741139411926270e-01
3.509107530117034912e-01,-9.193848371505737305e-01
-7.996866106986999512e-01,6.151793599128723145e-01
2.269581705331802368e-01,-9.879174828529357910e-01
-1.025314927101135254e+00,4.627264291048049927e-02
9.039323925971984863e-01,-2.806831300258636475e-01
-1.005813360214233398e+00,3.847532719373703003e-02
4.822982549667358398e-01,-8.093706369400024414e-01
-1.008434057235717773e+00,-8.980847150087356567e-02
-2.726547420024871826e-01,-1.005538702011108398e+00
8.596674799919128418e-01,-4.314331114292144775e-01
-8.965877294540405273e-01,4.453033208847045898e-01
8.739860057830810547e-01,-2.722502052783966064e-01
-9.897027611732482910e-01,-2.159232646226882935e-01
7.430845499038696289e-01,-1.497422605752944946e-01
4.300491213798522949e-01,-9.134594202041625977e-01
8.429767489433288574e-01,-5.837933421134948730e-01
-6.205939054489135742e-01,5.702689290046691895e-01
-4.122783243656158447e-01,8.829153776168823242e-01
9.000950455665588379e-01,-2.659960091114044189e-01
-4.982338845729827881e-02,-9.566663503646850586e-01
-9.436790347099304199e-01,3.396790623664855957e-01
5.020430088043212891e-01,4.314194321632385254e-01
6.472678780555725098e-01,-8.409041166305541992e-01
8.430915474891662598e-01,-4.214360117912292480e-01
9.322391748428344727e-01,-3.102873265743255615e-02
-1.013836145401000977e+00,-4.981159698218107224e-03
-4.479370266199111938e-02,-1.010279536247253418e+00
3.926189541816711426e-01,1.056432604789733887e+00
-5.229184031486511230e-01,7.873364090919494629e-01
-9.309041500091552734e-01,-3.774820864200592041e-01
-1.007177352905273438e+00,-1.047458648681640625e-01
-7.841966152191162109e-01,-6.445786952972412109e-01
8.436001539230346680e-01,-5.094205737113952637e-01
-5.139487981796264648e-01,-8.709476590156555176e-01
-1.334888339042663574e-01,-1.022688031196594238e+00
6.313221454620361328e-01,-7.533009052276611328e-01
-7.505354881286621094e-01,-6.861602663993835449e-01
8.387823700904846191e-01,1.036933511495590210e-01
-3.880631029605865479e-01,-9.674963951110839844e-01
-9.821654558181762695e-01,1.732345819473266602e-01
4.680298268795013428e-01,-9.212425947189331055e-01
-9.710234999656677246e-01,-3.047425746917724609e-01
-1.009501814842224121e+00,-1.055847480893135071e-01
1.287559717893600464e-01,-9.815192222595214844e-01
9.222047924995422363e-01,-1.959490776062011719e-01
-7.959092408418655396e-02,9.320813417434692383e-01
-9.471517205238342285e-01,3.908758163452148438e-01
-1.027228713035583496e+00,-5.066999047994613647e-02
1.916811317205429077e-01,-1.002708315849304199e+00
-8.980818390846252441e-01,4.903679788112640381e-01
9.100934863090515137e-01,-2.794626951217651367e-01
-4.847818017005920410e-01,-9.273345470428466797e-01
-2.525971531867980957e-01,-1.039854526519775391e+00
-6.328572034835815430e-01,-8.107445240020751953e-01
-9.270880818367004395e-01,-3.635695278644561768e-01
1.050399430096149445e-02,-1.001595973968505859e+00
8.924012184143066406e-01,-3.678745627403259277e-01
1.210724934935569763e-03,-9.740545749664306641e-01
-8.331709504127502441e-01,-5.796980857849121094e-01
-7.179601788520812988e-01,-7.401841878890991211e-01
6.138152480125427246e-01,-7.659120559692382812e-01
8.904173374176025391e-01,-3.086318075656890869e-01
-9.505879282951354980e-01,3.136751651763916016e-01
5.594680309295654297e-01,8.252561092376708984e-03
-2.359230667352676392e-01,-1.002201676368713379e+00
-4.854631721973419189e-01,8.365104198455810547e-01
-9.794298410415649414e-01,2.717632651329040527e-01
-6.275478005409240723e-01,7.474678158760070801e-01
-1.923797875642776489e-01,9.967585802078247070e-01
-8.670690655708312988e-01,5.214982628822326660e-01
8.135012984275817871e-01,-1.635174602270126343e-01
-7.184243202209472656e-01,6.681933403015136719e-01
8.588991761207580566e-01,-4.514867663383483887e-01
-1.009902358055114746e+00,6.380715221166610718e-02
-9.072156548500061035e-01,-4.716537892818450928e-01
2.342518717050552368e-01,-9.566383361816406250e-01
1.346279866993427277e-02,-1.067087292671203613e+00
8.384424448013305664e-01,-4.615842700004577637e-01
-4.575635790824890137e-01,8.693297505378723145e-01
8.766966462135314941e-01,-3.998406529426574707e-01
8.810876011848449707e-01,-3.864932656288146973e-01
-2.614033222198486328e-01,-1.003089547157287598e+00
8.686137795448303223e-01,-4.727357625961303711e-01
-9.972447156906127930e-01,1.795493960380554199e-01
8.729599118232727051e-01,3.815909028053283691e-01
-9.375024437904357910e-01,3.912386298179626465e-01
-1.018862485885620117e+00,1.644243746995925903e-01
-4.035381376743316650e-01,7.920707464218139648e-01
8.845217823982238770e-01,-3.810474574565887451e-01
8.956952095031738281e-01,-3.704941868782043457e-01
-9.797524809837341309e-01,2.060004919767379761e-01
-2.010394632816314697e-01,1.041115760803222656e+00
1.780538447201251984e-02,-1.005769968032836914e+00
8.624175190925598145e-01,-4.823841452598571777e-01
9.501525163650512695e-01,-1.366282813251018524e-04
8.724491000175476074e-01,-2.741507887840270996e-01
1.402654498815536499e-01,-9.505636692047119141e-01
-9.009260535240173340e-01,-4.663565456867218018e-01
9.104936718940734863e-01,-2.053632885217666626e-01
9.280279874801635742e-01,4.095177352428436279e-02
-9.539650082588195801e-01,3.890216350555419922e-01
8.682665228843688965e-01,-4.525133073329925537e-01
-1.622907966375350952e-01,-9.796606302261352539e-01
-1.005537152290344238e+00,2.519427537918090820e-01
-3.910123705863952637e-01,8.911775350570678711e-01
-6.319237947463989258e-01,7.116968631744384766e-01
-9.095875024795532227e-01,3.584100604057312012e-01
8.939151763916015625e-01,-3.763239979743957520e-01
8.428675532341003418e-01,-4.962849020957946777e-01
1.302689909934997559e-01,-1.009768009185791016e+00
8.771142363548278809e-01,-4.340356588363647461e-01
-3.227507472038269043e-01,-9.863628149032592773e-01
1.353341154754161835e-02,-9.970392584800720215e-01
-1.003780841827392578e+00,-1.583779007196426392e-01
-8.001894354820251465e-01,-6.610080599784851074e-01
7.747524380683898926e-01,-6.380972266197204590e-01
-9.448205828666687012e-01,4.033550620079040527e-01
-5.240725874900817871e-01,8.037506341934204102e-01
9.029971361160278320e-01,-2.532954812049865723e-01
-6.842066645622253418e-01,-7.701723575592041016e-01
-6.077520251274108887e-01,-8.121132850646972656e-01
9.024572372436523438e-01,-1.232471615076065063e-01
-6.599782705307006836e-01,6.938652396202087402e-01
-5.846320986747741699e-01,5.772090554237365723e-01
-7.233317494392395020e-01,6.758221387863159180e-01
9.071140885353088379e-01,-2.749080061912536621e-01
-7.442232966423034668e-01,-6.939595341682434082e-01
8.747330904006958008e-01,-4.900742769241333008e-01
-7.953633666038513184e-01,-6.739197969436645508e-01
-1.007708191871643066e+00,1.494807153940200806e-01
8.799266815185546875e-01,-2.722687721252441406e-01
-6.636143922805786133e-01,-7.799908518791198730e-01
8.983095884323120117e-01,-2.861395478248596191e-01
8.499785065650939941e-01,-3.852120935916900635e-01
-9.646411538124084473e-01,2.542383670806884766e-01
-8.162998557090759277e-01,5.277270674705505371e-01
-6.780473589897155762e-01,6.906764507293701172e-01
4.618450105190277100e-01,-8.826978802680969238e-01
9.541687369346618652e-01,6.991086900234222412e-02
8.863215893507003784e-02,-1.005389332771301270e+00
-3.372949361801147461e-01,-9.911192655563354492e-01
-7.371801733970642090e-01,5.434019565582275391e-01
5.113115906715393066e-01,5.949146151542663574e-01
-5.809596180915832520e-01,-8.345225453376770020e-01
-4.264802932739257812e-01,-9.175815582275390625e-01
-1.013051390647888184e+00,-1.916912943124771118e-01
4.334022998809814453e-01,-8.259038925170898438e-01
-1.023763537406921387e+00,2.694563567638397217e-02
6.290704607963562012e-01,-2.514265775680541992e-01
8.645020723342895508e-01,-4.146010279655456543e-01
-8.538239598274230957e-01,5.495176911354064941e-01
8.809414505958557129e-01,-3.200666606426239014e-01
-7.335271239280700684e-01,6.145969629287719727e-01
8.454865813255310059e-01,-4.903491139411926270e-01
7.679229974746704102e-01,-5.768547058105468750e-01
9.368981719017028809e-01,-4.308418929576873779e-02
-6.057026982307434082e-01,7.424571514129638672e-01
-1.701967567205429077e-01,-1.033166408538818359e+00
-1.008355736732482910e+00,1.203601211309432983e-01
3.911458551883697510e-01,-9.085959196090698242e-01
-6.954004168510437012e-01,6.686401963233947754e-01
2.429869957268238068e-02,-9.580537676811218262e-01
-6.065966933965682983e-02,6.459382176399230957e-01
7.797851562500000000e-01,-7.251514196395874023e-01
2.618918120861053467e-01,1.925493925809860229e-01
8.033898472785949707e-01,-6.188046932220458984e-01
-9.571474790573120117e-01,2.465852051973342896e-01
7.053809165954589844e-01,4.229522645473480225e-01
8.692828416824340820e-01,-3.929855227470397949e-01
-4.746749699115753174e-01,8.111893534660339355e-01
-9.575771689414978027e-01,-3.010238111019134521e-01
-8.787229657173156738e-01,5.176587104797363281e-01
-9.522433876991271973e-01,2.928432822227478027e-01
2.234610170125961304e-01,1.298104524612426758e-01
6.836887001991271973e-01,-7.414464354515075684e-01
9.010803699493408203e-01,-2.607585191726684570e-01
-6.707903742790222168e-01,7.112956047058105469e-01
-9.150068163871765137e-01,4.320351481437683105e-01
-9.568310379981994629e-01,-2.781611979007720947e-01
-1.007377147674560547e+00,-1.096974015235900879e-01
-9.391435384750366211e-01,3.182594776153564453e-01
8.488370776176452637e-01,-4.578692317008972168e-01
-6.522252559661865234e-01,7.223033308982849121e-01
-5.509352087974548340e-01,4.699658751487731934e-01
4.290548264980316162e-01,3.108940124511718750e-01
9.531341791152954102e-01,1.921491324901580811e-02
-3.809101879596710205e-01,5.306255817413330078e-01
-3.945466876029968262e-01,-9.452865123748779297e-01
7.216676473617553711e-01,1.006841212511062622e-01
-8.829328417778015137e-01,-4.779497087001800537e-01
-1.007768630981445312e+00,1.824239641427993774e-02
-9.686065316200256348e-01,-2.180131226778030396e-01
-9.226267337799072266e-01,-3.945506215095520020e-01
2.956833839416503906e-01,-8.759710788726806641e-01
-9.602729082107543945e-01,3.670145869255065918e-01
9.004054665565490723e-01,-2.156645953655242920e-01
-9.917548298835754395e-01,1.464643925428390503e-01
-9.497236013412475586e-01,3.518324494361877441e-01
-7.803805470466613770e-01,6.104805469512939453e-01
9.062512516975402832e-01,4.366511404514312744e-01
-7.652044892311096191e-01,-6.685341596603393555e-01
-8.185165524482727051e-01,5.613366961479187012e-01
-1.001885056495666504e+00,7.302089035511016846e-02
5.779970288276672363e-01,4.396995007991790771e-01
1.309087127447128296e-01,-9.743540287017822266e-01
4.819379001855850220e-02,-1.035017371177673340e+00
-8.094587326049804688e-01,-6.688557267189025879e-01
9.527270197868347168e-01,9.431742131710052490e-02
-4.000595808029174805e-01,7.725887298583984375e-01
-9.458649158477783203e-01,4.125205874443054199e-01
-2.799178063869476318e-01,-9.842083454132080078e-01
6.119750440120697021e-02,5.955837965011596680e-01
-1.119467802345752716e-02,-1.020232558250427246e+00
-1.016687035560607910e+00,-1.105506718158721924e-01
1.494389027357101440e-01,-1.066358208656311035e+00
8.980784416198730469e-01,-2.686406672000885010e-01
-1.055769801139831543e+00,5.398319289088249207e-02
-1.002497434616088867e+00,-1.143760234117507935e-01
-9.767616391181945801e-01,1.704399436712265015e-01
-6.160045266151428223e-01,7.276936769485473633e-01
9.115831255912780762e-01,-1.571866720914840698e-01
9.147244691848754883e-01,-1.485745906829833984e-01
8.253211975097656250e-01,-5.941467285156250000e-01
-9.789553284645080566e-01,-3.672011196613311768e-01
8.354606628417968750e-01,-5.258864164352416992e-01
-6.207796335220336914e-01,6.606918573379516602e-01
-9.226835370063781738e-01,-4.252584874629974365e-01
8.458456397056579590e-01,-4.787911474704742432e-01
-1.015079379081726074e+00,-1.285202950239181519e-01
-8.091434836387634277e-01,1.034977585077285767e-01
-9.838173538446426392e-02,-9.956574440002441406e-01
9.111033678054809570e-01,-2.705760002136230469e-01
-3.542793393135070801e-01,8.932843208312988281e-01
8.482770919799804688e-01,-4.757905006408691406e-01
-1.001147031784057617e+00,-1.480442434549331665e-01
8.962046504020690918e-01,-3.315051496028900146e-01
-1.006795048713684082e+00,-1.309447735548019409e-01
9.098914861679077148e-01,-2.020646929740905762e-01
-9.547377377748489380e-02,-9.930267333984375000e-01
8.647928833961486816e-01,-1.407521218061447144e-01
-3.486960530281066895e-01,8.354889750480651855e-01
-9.420300722122192383e-01,-4.138752818107604980e-01
-9.830963015556335449e-01,-2.189083397388458252e-01
4.015329480171203613e-01,-8.989039659500122070e-01
-7.233016490936279297e-01,6.570246219635009766e-01
8.809118866920471191e-01,-4.556778967380523682e-01
6.668351292610168457e-01,-7.285323739051818848e-01
-4.014779031276702881e-01,8.927570581436157227e-01
-6.360780000686645508e-01,6.879297494888305664e-01
-6.783892512321472168e-01,-7.795690298080444336e-01
5.547350049018859863e-01,9.470708668231964111e-02
-5.139266252517700195e-01,8.124569654464721680e-01
-1.002604603767395020e+00,-2.232971042394638062e-02
8.817520141601562500e-01,-4.238521158695220947e-01
9.233047962188720703e-01,5.749866832047700882e-03
-3.337174654006958008e-01,-9.502675533294677734e-01
3.236065506935119629e-01,-9.495372772216796875e-01
-7.189188003540039062e-01,6.660360097885131836e-01
8.544735908508300781e-01,1.768901944160461426e-01
8.352021574974060059e-01,-6.131984591484069824e-01
-1.009538173675537109e+00,1.058330535888671875e-01
-7.603292465209960938e-01,-7.177955508232116699e-01
6.272885799407958984e-01,-7.367770671844482422e-01
-9.787236452102661133e-01,1.916814893484115601e-01
8.643390536308288574e-01,-3.996863961219787598e-01
-1.005689144134521484e+00,-1.808787882328033447e-02
4.043486714363098145e-02,-9.562165737152099609e-01
-1.452002227306365967e-01,-1.012292742729187012e+00
-9.503796696662902832e-01,3.225058913230895996e-01
8.418679237365722656e-01,-6.026287078857421875e-01
-6.640979647636413574e-01,-7.664887905120849609e-01
8.371370434761047363e-01,5.400756001472473145e-01
9.301868081092834473e-01,-1.362851262092590332e-01
-3.201775252819061279e-01,-9.529162645339965820e-01
-3.478018641471862793e-01,8.610205054283142090e-01
-9.718638658523559570e-01,-3.399705588817596436e-01
-3.498237431049346924e-01,-9.734576940536499023e-01
-1.021656155586242676e+00,6.414519250392913818e-02
8.908545374870300293e-01,-2.061929404735565186e-01
8.899278640747070312e-01,-3.874154984951019287e-01
-8.330831527709960938e-01,5.771479606628417969e-01
-9.563843607902526855e-01,2.978551983833312988e-01
-3.388672471046447754e-01,9.202767610549926758e-01
-9.736337065696716309e-01,-2.656697928905487061e-01
-7.169250845909118652e-01,6.634001731872558594e-01
-6.434023380279541016e-01,7.124505043029785156e-01
9.120143651962280273e-01,-2.327450364828109741e-01
9.067468643188476562e-01,-2.699156999588012695e-01
-9.296125173568725586e-01,3.126635849475860596e-01
2.823513150215148926e-01,6.859079003334045410e-01
-4.615327119827270508e-01,3.329513072967529297e-01
6.688360571861267090e-01,-7.459853291511535645e-01
-2.922495007514953613e-01,-9.704278707504272461e-01
-1.019743084907531738e+00,6.577210128307342529e-02
8.347327113151550293e-01,-5.583543777465820312e-01
1.302274316549301147e-01,-9.598639011383056641e-01
4.369220137596130371e-01,-9.443715810775756836e-01
-7.321068048477172852e-01,-7.234186530113220215e-01
3.147951513528823853e-02,6.495286822319030762e-01
-1.545866876840591431e-01,1.052130103111267090e+00
-8.462002873420715332e-01,-5.673018693923950195e-01
-6.202946305274963379e-01,5.442874431610107422e-01
-6.023464202880859375e-01,-8.246960043907165527e-01
-1.018486142158508301e+00,2.556220162659883499e-03
3.612644225358963013e-02,-9.765796661376953125e-01
-3.902465403079986572e-01,8.788427114486694336e-01
8.890599608421325684e-01,-2.489040344953536987e-01
-9.596715569496154785e-01,-3.213692009449005127e-01
9.325273036956787109e-01,9.981529414653778076e-02
-1.038859963417053223e+00,-9.803973138332366943e-02
8.707222342491149902e-01,-3.358811140060424805e-01
-1.012727856636047363e+00,-2.041702568531036377e-01
-8.114472627639770508e-01,5.866366028785705566e-01
-1.018655776977539062e+00,4.773943871259689331e-02
-5.660594105720520020e-01,7.724988460540771484e-01
4.457620382308959961e-01,-9.147377014160156250e-01
8.734438419342041016e-01,-4.825887978076934814e-01
-9.978731274604797363e-01,-1.826641857624053955e-01
-1.006817221641540527e+00,2.722775191068649292e-02
-9.838898777961730957e-01,1.993262469768524170e-01
-6.172283291816711426e-01,7.446914315223693848e-01
-9.067392349243164062e-01,3.975204229354858398e-01
-7.929264307022094727e-01,-6.443333029747009277e-01
-8.088389635086059570e-01,6.082547307014465332e-01
9.080368876457214355e-01,-2.933684587478637695e-01
-5.843414068222045898e-01,7.267851829528808594e-01
6.673285961151123047e-01,4.352559447288513184e-01
-1.012308359146118164e+00,-1.934207081794738770e-01
7.375382781028747559e-01,-7.779899835586547852e-01
-4.220440089702606201e-01,8.362649083137512207e-01
4.194934964179992676e-01,-8.902821540832519531e-01
9.070440530776977539e-01,-1.937791854143142700e-01
8.057115674018859863e-01,1.697992980480194092e-01
4.350556731224060059e-01,-8.849573135375976562e-01
8.110826015472412109e-01,-4.950961470603942871e-01
-9.936943650245666504e-01,-1.818324774503707886e-01
-6.547027826309204102e-01,7.219194769859313965e-01
-8.698714375495910645e-01,5.307198762893676758e-01
8.898915648460388184e-01,-3.928832411766052246e-01
-9.229201078414916992e-01,4.166662096977233887e-01
4.523772299289703369e-01,1.132984757423400879e-01
-2.629107236862182617e-01,-9.899604320526123047e-01
-8.235856890678405762e-01,-6.502760052680969238e-01
-9.942294955253601074e-01,1.190576776862144470e-01
-3.817648291587829590e-01,-9.551600217819213867e-01
1.961987316608428955e-01,-1.025986075401306152e+00
-9.044746756553649902e-01,-3.809481263160705566e-01
8.265458345413208008e-01,-5.635921359062194824e-01
-9.771354198455810547e-01,-2.530179619789123535e-01
9.447651505470275879e-01,1.355384290218353271e-02
8.612859994173049927e-02,-9.901993274688720703e-01
6.513878107070922852e-01,-8.195654153823852539e-01
7.253431528806686401e-02,-9.846847057342529297e-01
8.679980635643005371e-01,-5.177440643310546875e-01
9.231548905372619629e-01,-6.071846187114715576e-02
8.197741210460662842e-02,-9.615998864173889160e-01
4.363735914230346680e-01,8.294684886932373047e-01
-9.322423338890075684e-01,4.358814656734466553e-01
-7.898944020271301270e-01,6.114526391029357910e-01
-1.229904517531394958e-01,-9.415793418884277344e-01
-9.625157713890075684e-01,-2.674994468688964844e-01
-8.884500861167907715e-01,-5.163277983665466309e-01
8.155496120452880859e-01,-4.833849966526031494e-01
1.286644041538238525e-01,-1.020165562629699707e+00
-5.384258627891540527e-01,7.668898105621337891e-01
8.914401531219482422e-01,-3.031844794750213623e-01
-1.665237247943878174e-01,-1.003181338310241699e+00
-9.847313761711120605e-01,-2.739911079406738281e-01
2.865168452262878418e-01,-9.447332620620727539e-01
-6.018344759941101074e-01,7.718875408172607422e-01
-9.562382102012634277e-01,3.937606215476989746e-01
9.024432301521301270e-01,-2.556958198547363281e-01
-5.189945101737976074e-01,8.074405789375305176e-01
-9.723739624023437500e-01,-2.756327688694000244e-01
-9.675533175468444824e-01,-3.124158382415771484e-01
9.383860230445861816e-02,-9.756565690040588379e-01
-1.056872129440307617e+00,-1.182590946555137634e-01
-5.184821486473083496e-01,7.861721515655517578e-01
-9.650892019271850586e-01,-3.209005296230316162e-01
9.180936813354492188e-01,-2.168126851320266724e-01
3.789510428905487061e-01,-8.777053952217102051e-01
-6.470670104026794434e-01,-7.887287735939025879e-01
-6.548869609832763672e-01,7.164890766143798828e-01
8.612663149833679199e-01,-4.331153035163879395e-01
-6.076536178588867188e-01,6.977732181549072266e-01
7.214806079864501953e-01,-6.244083642959594727e-01
-9.281132817268371582e-01,4.385096132755279541e-01
-9.502771496772766113e-01,-4.354405403137207031e-01
3.450442254543304443e-01,-9.549126029014587402e-01
5.618857145309448242e-01,-8.062306642532348633e-01
1.396638900041580200e-01,-1.042976140975952148e+00
-1.005394339561462402e+00,-5.014719814062118530e-02
9.149684309959411621e-01,-2.448807656764984131e-01
2.232771962881088257e-01,-9.096153974533081055e-01
8.957177996635437012e-01,-1.806923747062683105e-01
1.093744561076164246e-01,-1.025338292121887207e+00
8.878400325775146484e-01,1.262602955102920532e-01
8.928824663162231445e-01,-3.012885153293609619e-01
9.101120233535766602e-01,-8.323033154010772705e-02
-7.518504261970520020e-01,5.433685183525085449e-01
8.926531076431274414e-01,-3.321928381919860840e-01
-1.011275172233581543e+00,3.964514285326004028e-02
-1.004688262939453125e+00,-4.067062865942716599e-03
8.882052898406982422e-01,-2.351733297109603882e-01
-1.009344935417175293e+00,-9.276676923036575317e-02
-1.001005291938781738e+00,8.015634119510650635e-02
-9.912487268447875977e-01,-1.722320467233657837e-01
-8.622013926506042480e-01,-5.405260324478149414e-01
-2.640973627567291260e-01,9.146357774734497070e-01
-6.933463811874389648e-01,5.590832233428955078e-01
-1.400695294141769409e-01,-1.038876891136169434e+00
-7.553529143333435059e-01,6.190391778945922852e-01
9.374248981475830078e-01,-1.198233664035797119e-02
9.226967692375183105e-01,-1.522438973188400269e-01
4.155160486698150635e-01,-8.696637153625488281e-01
-6.401486694812774658e-02,-9.913731813430786133e-01
7.864056229591369629e-01,-5.856322050094604492e-01
8.672785758972167969e-01,-4.205585420131683350e-01
-9.795234799385070801e-01,2.232359647750854492e-01
-8.151828646659851074e-01,6.006223559379577637e-01
-1.043352365493774414e+00,1.443966478109359741e-01
-9.471446275711059570e-01,3.333877027034759521e-01
9.017651081085205078e-01,-2.408322691917419434e-01
-4.201698899269104004e-01,7.633529901504516602e-01
-3.287959396839141846e-01,5.855098366737365723e-01
-3.984888494014739990e-01,8.710815906524658203e-01
-6.938779354095458984e-01,-7.705664038658142090e-01
-7.040569782257080078e-01,6.783872842788696289e-01
-1.024213194847106934e+00,-6.916154175996780396e-02
-1.324022859334945679e-01,-9.697053432464599609e-01
-5.164687633514404297e-01,-8.853874206542968750e-01
8.552597165107727051e-01,-4.717070460319519043e-01
-5.554432272911071777e-01,-8.659049272537231445e-01
-9.117838144302368164e-01,4.498282074928283691e-01
-3.643671870231628418e-01,-9.457017183303833008e-01
-5.803499817848205566e-01,7.373872399330139160e-01
1.307413280010223389e-01,-9.321916103363037109e-01
6.090611815452575684e-01,-7.510635256767272949e-01
-8.224175572395324707e-01,5.454648137092590332e-01
3.705927729606628418e-01,-9.113355875015258789e-01
1.713500916957855225e-01,-1.039199471473693848e+00
5.975381731986999512e-01,-7.694262266159057617e-01
1.943077743053436279e-01,-9.661626815795898438e-01
-3.193585276603698730e-01,-9.369080662727355957e-01
-4.568370580673217773e-01,8.348853588104248047e-01
9.079039692878723145e-01,-2.639253735542297363e-01
8.507540822029113770e-01,-4.715607166290283203e-01
8.792262077331542969e-01,-2.586470842361450195e-01
-3.747831583023071289e-01,8.946067094802856445e-01
-8.048833012580871582e-01,6.117181181907653809e-01
8.672563433647155762e-01,-4.233910441398620605e-01
-1.022953391075134277e+00,-5.639708042144775391e-02
-9.723905920982360840e-01,2.484858483076095581e-01
-8.317418694496154785e-01,5.728067159652709961e-01
-9.038919210433959961e-01,4.725452065467834473e-01
8.611080646514892578e-01,-3.916514515876770020e-01
-1.026948988437652588e-01,-1.035865545272827148e+00
-1.012013673782348633e+00,-7.420754432678222656e-02
-9.113134741783142090e-01,4.695537090301513672e-01
5.911006778478622437e-02,-9.625221490859985352e-01
-9.754347205162048340e-01,-2.705741822719573975e-01
-2.019352763891220093e-01,-1.016822934150695801e+00
9.013377428054809570e-01,-3.352425098419189453e-01
-9.446359872817993164e-01,-4.137810170650482178e-01
2.599577903747558594e-01,-9.509979486465454102e-01
-6.147787570953369141e-01,6.782814264297485352e-01
1.544425934553146362e-01,-9.807031154632568359e-01
2.923932075500488281e-01,-9.354841709136962891e-01
4.213184714317321777e-01,-9.108752012252807617e-01
3.985387682914733887e-01,-8.803577423095703125e-01
-4.042373001575469971e-01,-9.754737019538879395e-01
-9.223983287811279297e-01,4.239661991596221924e-01
8.801373839378356934e-01,-2.953184247016906738e-01
-9.635358452796936035e-01,-3.079218864440917969e-01
3.693631887435913086e-01,-9.301357269287109375e-01
8.413248062133789062e-01,-2.443355470895767212e-01
9.296326041221618652e-01,3.969372808933258057e-02
-8.891969323158264160e-01,4.980347752571105957e-01
-7.554758191108703613e-01,-6.751157641410827637e-01
-4.303715229034423828e-01,-9.245629310607910156e-01
-8.688507676124572754e-01,-5.086369514465332031e-01
-6.327487230300903320e-01,7.082102894783020020e-01
-1.007092833518981934e+00,1.027885526418685913e-01
-2.325656712055206299e-01,-9.406756162643432617e-01
-9.093065857887268066e-01,4.063688516616821289e-01
-7.063660025596618652e-01,6.150017976760864258e-01
9.074104428291320801e-01,-1.577880680561065674e-01
-7.548512220382690430e-01,6.172228455543518066e-01
8.834509178996086121e-03,-9.800436496734619141e-01
2.070399373769760132e-01,-8.971399068832397461e-01
-9.529681801795959473e-01,-3.145576119422912598e-01
7.846340537071228027e-01,8.245849609375000000e-02
-9.279245734214782715e-01,4.037901163101196289e-01
-1.014405965805053711e+00,2.848287671804428101e-02
-1.006117343902587891e+00,-2.015039771795272827e-01
8.938236832618713379e-01,-2.783218026161193848e-01
8.737856745719909668e-01,-4.043602645397186279e-01
-1.012426376342773438e+00,-6.068779528141021729e-02
3.748083114624023438e-01,-9.082233905792236328e-01
-1.023097991943359375e+00,7.540144491940736771e-03
-8.671125769615173340e-01,-5.397596359252929688e-01
4.379941523075103760e-01,-8.365366458892822266e-01
-9.709835648536682129e-01,2.036038637161254883e-01
-4.882034659385681152e-01,-9.063310623168945312e-01
-4.279599785804748535e-01,-9.519885778427124023e-01
-1.994419246912002563e-01,-9.599003791809082031e-01
9.045988917350769043e-01,-3.041821122169494629e-01
8.909114599227905273e-01,-2.709965705871582031e-01
-4.507789313793182373e-01,8.653834462165832520e-01
-9.889464974403381348e-01,1.398561745882034302e-01
-1.005973219871520996e+00,-5.398472398519515991e-02
-3.185904324054718018e-01,-9.853324890136718750e-01
-1.010405063629150391e+00,2.466873079538345337e-02
1.044225767254829407e-01,-9.780999422073364258e-01
6.151495873928070068e-02,-9.802578687667846680e-01
8.226591348648071289e-01,-5.785511732101440430e-01
6.752117276191711426e-01,-7.685539722442626953e-01
-9.509120583534240723e-01,3.499489426612854004e-01
-1.005099058151245117e+00,3.201490640640258789e-02
3.091867566108703613e-01,6.130156517028808594e-01
9.197129607200622559e-01,7.711772620677947998e-02
8.704587221145629883e-01,-5.084109306335449219e-01
-9.978395104408264160e-01,1.142436265945434570e-01
-6.767739653587341309e-01,-7.939559817314147949e-01
9.292091131210327148e-01,-1.429098248481750488e-01
-4.368721842765808105e-01,8.244998455047607422e-01
1.879649609327316284e-01,-2.034773677587509155e-01
-9.789022803306579590e-01,2.704425454139709473e-01
8.687908053398132324e-01,-3.346110880374908447e-01
-3.715790212154388428e-01,-9.433888196945190430e-01
8.841094374656677246e-01,-3.522757887840270996e-01
-2.836582958698272705e-01,7.578525543212890625e-01
-5.535987615585327148e-01,7.686815261840820312e-01
7.678538560867309570e-01,-5.772724151611328125e-01
-4.866306483745574951e-01,8.120846748352050781e-01
-4.633573889732360840e-01,-9.424308538436889648e-01
8.962591290473937988e-01,-2.710863351821899414e-01
3.250481933355331421e-02,-9.646699428558349609e-01
-8.448093533515930176e-01,5.600429773330688477e-01
8.821677565574645996e-01,-4.299440681934356689e-01
-1.004093885421752930e+00,-1.413747370243072510e-01
-1.013208866119384766e+00,2.516052871942520142e-02
-9.977397322654724121e-01,1.581998169422149658e-01
-4.603492096066474915e-03,5.171864628791809082e-01
-1.020278930664062500e+00,4.185737669467926025e-02
-1.009471178054809570e+00,-1.794893592596054077e-01
2.652960419654846191e-01,-1.023311972618103027e+00
-1.394271701574325562e-01,7.176064848899841309e-01
9.230685830116271973e-01,-1.831790655851364136e-01
-7.205355167388916016e-01,-7.195943593978881836e-01
3.837316036224365234e-01,-9.001855254173278809e-01
-6.104166507720947266e-01,7.423866987228393555e-01
-6.539888978004455566e-01,5.193842649459838867e-01
-6.317015886306762695e-01,7.453803420066833496e-01
9.397159218788146973e-01,1.444364935159683228e-01
6.607924103736877441e-01,-7.776557803153991699e-01
9.055691361427307129e-01,-2.364705353975296021e-01
9.434023499488830566e-01,1.529224067926406860e-01
